id,created_at,username,followers,description,likes,color
294141419435496116,"Fri, 06 Feb 2026 03:58:20 +0000",SavageUmair,1674.0,a woman standing in the middle of a lush green field,246,#9cb976
2674081024549404,"Tue, 05 Nov 2024 16:28:20 +0000",sthtivx,2524.0,a man sitting in the grass reading a book while holding a cat on his back,166,#79964f
12525705204295342,"Wed, 20 Oct 2021 06:59:41 +0000",,,a man holding a cat in the middle of a lush green field with flowers on it,343,#97b953
148548487704159977,"Tue, 04 Nov 2025 15:44:31 +0000",revution07,34.0,a group of people riding on top of a boat in the water with two men,1415,#065b5c
12314598974868644,"Wed, 19 Apr 2023 00:05:50 +0000",gbrllvgt,7620.0,two young boys are playing frisbee in the sky,38,#52a3c0
1829656094081262,"Wed, 01 Jan 2025 15:18:39 +0000",,,a cartoon character is sitting in the cockpit of a red car and looking at something,120,#3d68ba
3940718419797288,"Sun, 02 Feb 2025 05:36:16 +0000",About_Nellie_02,16.0,an animated image of a blue rabbit and another white rabbit sitting in the grass with their backs to each other,340,#677d5f
15481192464450928,"Tue, 24 Feb 2026 03:46:29 +0000",ma1flower_,1968.0,a person sitting on a red couch in front of a window with two people standing next to it,0,#4a4135
304978206039830294,"Fri, 13 Feb 2026 00:40:22 +0000",katyyyah,6.0,a woman holding an umbrella standing on top of a lush green field next to a painting easel,0,#7ba79a
401875966726511642,"Wed, 01 Jul 2015 10:58:48 +0000",,,a blue background with the words studio ghibli written in japanese,1,#00adef
1123507438310092876,"Thu, 26 Feb 2026 18:36:12 +0000",Animetipz,7439.0,a cartoon character holding a beer in front of a fire with flames coming out of it,0,#311e16
11751649023006796,"Thu, 21 Aug 2025 14:27:29 +0000",carollaidk,294.0,,3,#734b42
7599893116057835,"Fri, 18 Oct 2024 14:23:07 +0000",,,an image of a strange house in the sky,122,#3e3b41
37506609391966321,"Sat, 27 Sep 2025 20:29:05 +0000",norahliyah22,2070.0,two people sitting under an umbrella on top of a grass covered hill next to a plane,15,#5d7491
