created_at,username,followers,description,likes,color,url
"Tue, 29 Apr 2025 21:14:50 +0000",maacanass,0.0,an anime character with white hair and blue eyes standing in front of some flowers on a sunny day,3.0,#95a2ca,https://fr.pinterest.com/pin/99642210501515151
"Tue, 17 Feb 2026 23:36:37 +0000",drinkwaterbtw,6.0,a painting of a train station with a cartoon character holding an umbrella next to it,6.0,#979870,https://fr.pinterest.com/pin/2955556003436820
"Wed, 26 Nov 2025 22:35:39 +0000",fluxproweb,122.0,,83.0,#303322,https://fr.pinterest.com/pin/2322237302944374/
"Thu, 18 Dec 2025 22:39:45 +0000",Animeicons123,65571.0,an animated image of a woman holding up a light above her head in front of a window,0.0,#503d20,https://fr.pinterest.com/pin/164662930122801246/
"Sun, 01 Feb 2026 22:39:20 +0000",awesomeindiehub,2.0,,0.0,#f5f5fe,https://fr.pinterest.com/pin/812759064042175633/
"Thu, 22 May 2025 03:32:21 +0000",nayanmeckwan,23541.0,a man and woman standing next to each other with the words create studio ghibi vibes,0.0,#b49a7b,https://fr.pinterest.com/pin/34199278419429212/
"Sat, 06 Dec 2025 19:29:59 +0000",tanushka9288,312.0,the inside of a train car with green seats and an open window that looks out onto a field,695.0,#36532e,https://fr.pinterest.com/pin/2322237302968815/
"Tue, 11 Mar 2025 17:13:24 +0000",obrianaguilera,423.0,a painting of a tree house on top of a hill,437.0,#457d96,https://fr.pinterest.com/pin/281543725245618/
"Wed, 07 May 2025 21:00:09 +0000",manisha000k,30666.0,,158.0,#3f4a1f,https://fr.pinterest.com/pin/1829656094528234/
"Sun, 18 Jan 2026 01:32:04 +0000",parkssjj2228,0.0,,8.0,#967462,https://fr.pinterest.com/pin/9359111722262528/
"Tue, 30 Dec 2025 02:26:01 +0000",panduranganayak,27.0,there are many orange fish swimming in the water near some buildings and people walking by,8.0,#4a7557,https://fr.pinterest.com/pin/8162843070645215/
"Sat, 29 Mar 2025 19:07:07 +0000",lisaai_community,125.0,,0.0,#57482f,https://fr.pinterest.com/pin/33425222230288349/
"Thu, 10 Oct 2024 07:16:42 +0000",ryoshidesign,9130.0,a woman with long white hair standing in front of a blue sky holding a bag,4.0,#9498a0,https://fr.pinterest.com/pin/30680841207204629/
"Sun, 15 Dec 2024 23:40:29 +0000",alifesosweetmeow,41.0,an image of a fish tank sitting on top of a table in front of a window,34.0,#40613f,https://fr.pinterest.com/pin/5911043260902903/
"Sun, 15 Feb 2026 22:05:18 +0000",zuluadinikimaldi,4.0,the cartoon totoro is sitting on a rock in front of some water and plants,76.0,#81c4ad,https://fr.pinterest.com/pin/1055599909175580/
"Thu, 10 Jul 2025 23:45:54 +0000",,,,1.0,#3d4c3b,https://fr.pinterest.com/pin/9992430418151036/
"Mon, 29 Sep 2025 08:18:59 +0000",,,"a painting of a house in the night with trees and bushes around it, surrounded by flowers",345.0,#054b40,https://fr.pinterest.com/pin/7670261862113414/
"Thu, 19 Sep 2024 21:03:06 +0000",,,a painting of a green kitchen with mountains in the background and blue tiles on the walls,86.0,#326546,https://fr.pinterest.com/pin/1688918605449692/
"Thu, 29 Jan 2026 06:26:06 +0000",bbogert1779,6391.0,an artistic drawing of a woman in a hat with feathers on her head and the sky behind her,9.0,#c9c9d9,https://fr.pinterest.com/pin/33073378510799821/
"Sat, 10 Jan 2026 22:08:38 +0000",Animeicons123,65571.0,"an anime character with blonde hair standing in front of mountains and rocks, looking at the camera",0.0,#665d47,https://fr.pinterest.com/pin/563018699380840/
"Sun, 22 Feb 2026 21:37:42 +0000",claramonnerat,7096.0,the studio ghiilu movie poster is shown with many people and animals around it,10.0,#7d724e,https://fr.pinterest.com/pin/70016969204224100/
"Thu, 07 Mar 2024 06:23:58 +0000",deliye97,12945.0,an anime character with long black hair and blue eyes standing in front of a building,4.0,#4c869d,https://fr.pinterest.com/pin/5207355813567534/
"Fri, 18 Apr 2025 21:09:37 +0000",mikasa1991,369.0,a woman sitting on top of a grass covered field next to a blue cloudy sky,21.0,#497ab0,https://fr.pinterest.com/pin/985231164448958/
"Fri, 02 Jan 2026 04:41:35 +0000",puchanghsin1,64.0,,7.0,#3c5c26,https://fr.pinterest.com/pin/7107311908465201/
"Mon, 24 Nov 2025 17:16:55 +0000",ajudimple2,5153.0,a painting of a boy running down a path in the grass with mountains in the background,1790.0,#5d835f,https://fr.pinterest.com/pin/1900024839566613/
"Thu, 05 Feb 2026 14:04:19 +0000",ilyasbonya,7.0,a woman in a yellow dress sitting on a bench,0.0,#b6853a,https://fr.pinterest.com/pin/351280839709761341/
"Mon, 10 Mar 2025 21:03:16 +0000",leylahesenzade39,0.0,a man with glasses and a tie standing in front of a fire place holding a cane,14.0,#6e6448,https://fr.pinterest.com/pin/2674081025061543/
"Sun, 22 Jun 2025 21:02:56 +0000",tecnoblog,1284.0,,0.0,#6c5431,https://fr.pinterest.com/pin/254312710204478604/
"Fri, 19 Dec 2025 23:12:01 +0000",,,a person riding a bike down a dirt road with flowers in the basket on the front,105.0,#6e774e,https://fr.pinterest.com/pin/23010648093758936/
"Thu, 26 Feb 2026 08:53:02 +0000",arohi_____aru,60.0,a painting of a cat sitting on the side of a road,7.0,#509093,https://fr.pinterest.com/pin/2744449769898922/
"Thu, 06 Nov 2025 19:23:18 +0000",PixxelArtVerse,67.0,,0.0,#2e7744,https://fr.pinterest.com/pin/441986150953712501/
"Mon, 24 Mar 2025 19:54:22 +0000",Eulther,2.0,a painting of a house in the middle of a green field under a full moon,0.0,#6faa89,https://fr.pinterest.com/pin/345440233937324382/
"Tue, 26 Aug 2025 01:01:34 +0000",getstyledart,1.0,a painting of a girl holding a flower and standing on a cliff overlooking the ocean,1.0,#847146,https://fr.pinterest.com/pin/635500197458758448/
"Wed, 07 Feb 2024 21:04:47 +0000",levionmoon,1273.0,a woman standing in the middle of a forest with lots of plants and flowers around her,4.0,#2d564d,https://fr.pinterest.com/pin/13229392651062398/
"Wed, 04 Feb 2026 19:53:57 +0000",ayushahirwar861,14.0,three men standing next to each other with butterflies flying in the sky behind them on a sunny day,0.0,#8cae87,https://fr.pinterest.com/pin/658158933098904272/
"Sun, 04 Jan 2026 15:49:33 +0000",vivianortiz3148,2387.0,a painting of a house in the middle of a garden at night with lights on,167.0,#08533c,https://fr.pinterest.com/pin/4151824652926666/
"Thu, 12 Feb 2026 18:05:58 +0000",qwetyu0371,303.0,an anime character with blonde hair and blue eyes looks at the camera while standing in front of a window,0.0,#38525e,https://fr.pinterest.com/pin/141581982031982723/
"Wed, 12 Mar 2025 12:09:41 +0000",Top3Priorty,1217.0,an anime character with long brown hair and blue overalls standing in front of a cloudy sky,17.0,#7a9bc8,https://fr.pinterest.com/pin/109775309663045630/
"Sun, 02 Nov 2025 04:47:41 +0000",nikzaiz,12.0,two people are standing next to each other,2.0,#3a3824,https://fr.pinterest.com/pin/379498706122512771/
"Fri, 09 Jan 2026 13:02:07 +0000",yhizari,2392.0,,1.0,#838b88,https://fr.pinterest.com/pin/8233211829043055/
"Thu, 08 May 2025 14:26:30 +0000",sastts_,62.0,an image of a fish tank sitting on top of a table in front of a window,68.0,#3f613d,https://fr.pinterest.com/pin/4714774604657913/
"Mon, 02 Mar 2026 06:34:50 +0000",The_AI_Artist,3916.0,a painting of a person riding a bike down a train track with flowers on both sides,4.0,#3f4f3b,https://fr.pinterest.com/pin/1196337405393283/
"Mon, 09 Jun 2025 11:07:47 +0000",Vixsushee,1939.0,a person walking down a path in the woods with a totoro on it,6.0,#4e705f,https://fr.pinterest.com/pin/10062799163404267/
"Sun, 21 Sep 2025 02:07:13 +0000",uygun65,5508.0,"the view from inside a train looking out onto a town and hills below, with clouds in the sky",1936.0,#395d4b,https://fr.pinterest.com/pin/422281212051405/
"Mon, 07 Jul 2025 20:35:06 +0000",ilovecrabrangoons,45.0,an anime character with long blonde hair and a blue shirt is standing in the grass,2.0,#6b8d88,https://fr.pinterest.com/pin/109071622221963840/
"Thu, 05 Oct 2023 09:56:19 +0000",decor__utopia,3911.0,a house on top of a hill with stairs leading up to it,0.0,#779353,https://fr.pinterest.com/pin/2251868556596701/
"Tue, 17 Jun 2025 05:39:03 +0000",babyfuck1,164.0,an anime character with blonde hair and blue eyes standing in front of a mountain range,7.0,#61704e,https://fr.pinterest.com/pin/100345897946323975/
"Sun, 31 Aug 2025 08:53:15 +0000",disturbingsilence,268.0,"a painting of a woman with long hair and brown eyes, wearing a black dress",7.0,#382b19,https://fr.pinterest.com/pin/43910165112374273/
"Fri, 16 Jan 2026 14:01:07 +0000",linna_1200,7832.0,a bed sitting under a bridge next to a river,32.0,#7d8064,https://fr.pinterest.com/pin/2955556003331404/
"Tue, 03 Jun 2025 15:34:02 +0000",theunchartedlands,1383.0,a young man holding a glowing ball in his hand while standing next to a tree,2.0,#244950,https://fr.pinterest.com/pin/50454458320288050/
"Thu, 03 Jul 2025 20:02:41 +0000",muhammadbifadli,24.0,"an anime street scene with buildings and trees in the foreground, on which there is a river running through it",309.0,#376868,https://fr.pinterest.com/pin/6685099441597617/
"Tue, 05 Aug 2025 10:13:20 +0000",mhforumwallpaper,1451.0,,70.0,#5da3c5,https://fr.pinterest.com/pin/1688918606445161/
"Tue, 09 Dec 2025 22:55:49 +0000",giovannijaavas,68.0,,2182.0,#5d7553,https://fr.pinterest.com/pin/4151824652850585/
"Mon, 18 Nov 2024 19:54:07 +0000",mikua94,40542.0,,11.0,#afb1be,https://fr.pinterest.com/pin/6403624464928441/
"Thu, 19 Jun 2025 19:26:16 +0000",ma1flower_,1972.0,the house in the sky is made up of trees and houses on top of each other,0.0,#30726f,https://fr.pinterest.com/pin/57843176458465167/
"Sun, 09 Nov 2025 11:01:57 +0000",Official_anime_artist_,339.0,a painting of a river running through a city,5.0,#346b4a,https://fr.pinterest.com/pin/16677461116196752/
,,,,,,https://fr.pinterest.com/pin/48413764740038997/
"Wed, 17 Dec 2025 00:12:18 +0000",radikina2862004,110.0,a house in the woods with flowers and trees around it,1.0,#325e51,https://fr.pinterest.com/pin/24699498005850262/
"Mon, 18 Aug 2025 17:19:23 +0000",remziiiya,7832.0,a painting of a river running through a village with lots of greenery and buildings,2.0,#625637,https://fr.pinterest.com/pin/37999190601459562/
"Sun, 18 Jan 2026 23:59:49 +0000",ryoshidesign,9130.0,,3.0,#4b533d,https://fr.pinterest.com/pin/492649954719229/
"Mon, 23 Feb 2026 04:08:54 +0000",jakeexxx_,19.0,"a woman looking out the window of a train with headphones on, while standing next to a city",12.0,#5e7054,https://fr.pinterest.com/pin/942026449131975061/
,,,,,,https://fr.pinterest.com/pin/17240411068990468/
,,,,,,https://fr.pinterest.com/pin/300193131435215950/
,,,,,,https://fr.pinterest.com/pin/10062799164003240/
,,,,,,https://fr.pinterest.com/pin/455356212345135532/
,,,,,,https://fr.pinterest.com/pin/5277724560056652/
,,,,,,https://fr.pinterest.com/pin/577094139794236342/
,,,,,,https://fr.pinterest.com/pin/1266706141256410/
,,,,,,https://fr.pinterest.com/pin/5348093303476867/
,,,,,,https://fr.pinterest.com/pin/40039884185178395/
,,,,,,https://fr.pinterest.com/pin/13229392653285009/
,,,,,,https://fr.pinterest.com/pin/43628690137097330/
,,,,,,https://fr.pinterest.com/pin/25192079162984919/
,,,,,,https://fr.pinterest.com/pin/78390849760863176/
,,,,,,https://fr.pinterest.com/pin/70437490690959/
,,,,,,https://fr.pinterest.com/pin/14496030046122176/
,,,,,,https://fr.pinterest.com/pin/211174978891408/
"Fri, 16 Aug 2024 18:17:53 +0000",,,a woman with long black hair and flowers on her head standing in front of plants,5.0,#57604d,https://fr.pinterest.com/pin/844493674439317/
"Fri, 15 Aug 2025 23:21:59 +0000",fluxproweb,122.0,a cartoon character is floating in the water next to pink flowers and lily pads,103.0,#96bfb9,https://fr.pinterest.com/pin/2322237302663449/
"Sat, 13 Sep 2025 05:00:57 +0000",Yas_ai_creations,3951.0,a painting of a girl with a pearl earring wearing a gold dress and blue hair,2.0,#102f21,https://fr.pinterest.com/pin/94927504641152109/
"Fri, 16 May 2025 08:07:24 +0000",ellenogath,8561.0,a woman sitting on top of a boat in the water with jelly fish floating around,3130.0,#2a4978,https://fr.pinterest.com/pin/703756188281997/
"Mon, 22 Dec 2025 15:39:13 +0000",xv_afera,32166.0,a painting of a person standing in the middle of a field with trees and flowers,42.0,#88bad2,https://fr.pinterest.com/pin/19632948394749220/
"Mon, 12 Jan 2026 06:54:12 +0000",Luceroleon1,16859.0,a woman flying through the air on top of a broom with a cat sitting on it,41.0,#6b8597,https://fr.pinterest.com/pin/5840674511909612/
"Sun, 16 Nov 2025 05:24:45 +0000",giro_kung,1.0,"the girl is standing in front of an animal and another creature on her back, with grass growing up to her head",17.0,#9a7d7e,https://fr.pinterest.com/pin/6051780745869683/
"Wed, 10 Dec 2025 16:12:24 +0000",pixelskyline_ai,2912.0,a bedroom with a large window overlooking the ocean and cityscape is pictured in this painting,8.0,#637c78,https://fr.pinterest.com/pin/17873729766510836/
"Mon, 21 Jul 2025 21:46:21 +0000",ma1flower_,1972.0,a painting of a girl in a blue sweatshirt pointing at something with her right hand,0.0,#625448,https://fr.pinterest.com/pin/42150946508402592/
"Thu, 26 Feb 2026 00:30:21 +0000",kmonu2338,9813.0,an anime scene with two women and one man,50.0,#9c7772,https://fr.pinterest.com/pin/61854194877668345/
"Fri, 10 May 2024 18:46:18 +0000",akuhareva233,19.0,a painting of a living room filled with lots of plants and bookshelves in front of a window,73.0,#463019,https://fr.pinterest.com/pin/3166662231573338/
"Tue, 03 Jun 2025 15:03:19 +0000",naturgrrl,4845.0,a painting of a kitchen with an open door leading to a beautiful landscape outside the window,116.0,#345240,https://fr.pinterest.com/pin/774124930812282/
"Sat, 26 Jul 2025 01:35:04 +0000",TheWorldFullOfAI,246.0,a woman holding an umbrella standing next to a cartoon character in the rain with her cat,14.0,#eedfca,https://fr.pinterest.com/pin/422281211881681/
"Mon, 04 Aug 2025 14:28:21 +0000",dolphinyukiko,14.0,a woman flying through the air with a cat on her back in front of a city,341.0,#1a4670,https://fr.pinterest.com/pin/1266706141256392/
"Sat, 07 Feb 2026 19:53:38 +0000",manonmillet2012,56.0,a cat sitting on top of a yellow couch in front of a window with mountains,29.0,#71880f,https://fr.pinterest.com/pin/7810999349854385/
"Thu, 06 Mar 2025 03:00:14 +0000",mikua94,40542.0,a painting of a house with flowers on the outside and water in the back ground,77.0,#546377,https://fr.pinterest.com/pin/10977592836221153/
"Mon, 08 Dec 2025 06:45:59 +0000",aimarketingvisuals,0.0,a cartoon character flying through the air on top of a plane in front of clouds,0.0,#d6d7b8,https://fr.pinterest.com/pin/1097611740448910251/
"Tue, 11 Feb 2025 13:59:49 +0000",LoFizzy,69.0,the princess and the frog is flying through the air over a city with lots of trees,0.0,#3e5858,https://fr.pinterest.com/pin/82894449387341568/
"Tue, 21 Nov 2023 14:21:04 +0000",cheezburgerpins,2195475.0,,0.0,#6c7d66,https://fr.pinterest.com/pin/612278511867964078/
"Thu, 05 Jun 2025 23:55:13 +0000",ryoshidesign,9130.0,an anime character sitting in the rain with her hands on her hips,7.0,#766064,https://fr.pinterest.com/pin/8233211828185397/
"Sun, 28 Dec 2025 12:39:42 +0000",Official_anime_artist_,339.0,,108.0,#415b3f,https://fr.pinterest.com/pin/14636767536598674/
"Thu, 21 Mar 2024 17:17:54 +0000",urANNvity,20767.0,"a girl with long hair standing in front of stars and clouds, looking up at the sky",53.0,#253044,https://fr.pinterest.com/pin/492649952657985/
"Fri, 13 Jun 2025 23:37:21 +0000",prajapatiaryan46,2.0,,1.0,#b4a89e,https://fr.pinterest.com/pin/48413764740682920/
"Sun, 31 Dec 2023 13:55:19 +0000",ugy96192,19262.0,an anime character standing in front of some plants and trees with a bird perched on top of her head,8.0,#776344,https://fr.pinterest.com/pin/7036943161063673/
"Sat, 11 Jan 2025 13:59:57 +0000",freepik,5038176.0,an anime character sitting in the grass looking up into the sky with clouds behind her,3.0,#639cb2,https://fr.pinterest.com/pin/13792342603302498/
,,,,,,https://fr.pinterest.com/pin/2040762328971323/
"Mon, 19 May 2025 13:25:09 +0000",nanai0060,185.0,the cover of bears magazine features an illustration of a girl with baseball gear on her back,47.0,#e7dac2,https://fr.pinterest.com/pin/633387443559429/
"Sun, 22 Feb 2026 20:54:48 +0000",purple_army99,6.0,"a woman with blonde hair and blue eyes is standing in front of flowers, her hand on her face",25.0,#d0cfb2,https://fr.pinterest.com/pin/10555380372247945/
"Sun, 13 Apr 2025 14:12:57 +0000",TrendyInspirationsHub,11.0,a small boat floating on top of a lake next to a hut with a porch,14.0,#498474,https://fr.pinterest.com/pin/10555380371341559/
"Mon, 20 Jan 2025 10:03:50 +0000",mado_oka,539.0,a woman sitting on top of a wooden bench in front of a window holding a book,17.0,#6c4c33,https://fr.pinterest.com/pin/39617671718174088/
"Sun, 29 Jun 2025 13:26:20 +0000",serafia9960,53897.0,an anime character flying over a city at night,379.0,#2953a1,https://fr.pinterest.com/pin/140806234163301/
"Sat, 28 Feb 2026 12:46:01 +0000",Harasha_S,3727.0,a train traveling through a lush green forest next to a tall mountain covered in clouds,1.0,#57908e,https://fr.pinterest.com/pin/140948663332775117/
"Tue, 25 Feb 2025 11:44:22 +0000",animeyschen_amv,1649.0,an anime character with long black hair wearing a hoodie and holding a stuffed animal,2.0,#2e423a,https://fr.pinterest.com/pin/1196337403965154/
"Tue, 01 Apr 2025 08:23:47 +0000",,,"a man and woman sitting next to each other with the caption, official propp to",1.0,#654f37,https://fr.pinterest.com/pin/618611698860161382/
"Fri, 10 Oct 2025 15:00:16 +0000",storyantra,1749.0,"a woman with a red bow on her head and butterflies around her neck, standing in front of a white background",2.0,#b57e49,https://fr.pinterest.com/pin/26247610323938094/
"Thu, 29 May 2025 02:17:28 +0000",kpatvpm,3.0,a painting of a house on the app,2.0,#668062,https://fr.pinterest.com/pin/45317539997089804/
"Tue, 28 Oct 2025 04:06:48 +0000",warmcorneraii,1602.0,a girl with headphones looking out the window in front of mountains and clouds at sunset,2.0,#32614d,https://fr.pinterest.com/pin/313211349106622960/
"Fri, 20 Feb 2026 06:19:34 +0000",jahjahmagbitang,5.0,a red scooter parked in front of a building with people standing around it,1.0,#2f3027,https://fr.pinterest.com/pin/7107311908627671/
"Mon, 21 Apr 2025 21:55:43 +0000",stayhydratedya,2.0,a woman standing on a wooden bridge holding a drink in her hand and looking at the camera,7.0,#929266,https://fr.pinterest.com/pin/138415388541353759/
"Thu, 15 May 2025 07:46:54 +0000",technosports_in,717.0,a woman holding a cat in her arms,0.0,#605430,https://fr.pinterest.com/pin/83175924389990627/
"Tue, 10 Feb 2026 09:42:39 +0000",Joliixx,246.0,an image of a store front with trees in the foreground and a bicycle parked outside,15.0,#717c4d,https://fr.pinterest.com/pin/16677461116461847/
"Thu, 30 Oct 2025 20:45:18 +0000",Nadii0608,2363.0,,34.0,#5685b1,https://fr.pinterest.com/pin/2462974792985512/
"Tue, 17 Feb 2026 14:40:05 +0000",marvelwallpaper1,2150.0,an anime character is flying through the air with flowers in her hair and holding a basket,0.0,#82a19a,https://fr.pinterest.com/pin/300685712644669033/
"Mon, 14 Apr 2025 16:24:25 +0000",theunchartedlands,1383.0,a woman in an apron holding two brown gloves and looking up at the sky with trees behind her,0.0,#569069,https://fr.pinterest.com/pin/6403624465430064/
"Sat, 22 Feb 2025 21:10:56 +0000",,,,3.0,#615f4d,https://fr.pinterest.com/pin/37717715626136103/
"Mon, 08 Dec 2025 14:29:47 +0000",pragatiworlds,236.0,,0.0,#8b6237,https://fr.pinterest.com/pin/504895808247941487/
"Wed, 01 Oct 2025 13:27:55 +0000",warmcorneraii,1602.0,a white cat sitting on top of a wooden roof next to a blossoming tree,3.0,#757043,https://fr.pinterest.com/pin/252131279134712865/
"Wed, 26 Nov 2025 00:24:03 +0000",aiimage9933,1011.0,a person is flying through the air above clouds,601.0,#5f7491,https://fr.pinterest.com/pin/27654985208028233/
"Mon, 23 Jun 2025 15:43:24 +0000",shareefagraphics,180.0,a woman sitting down with her hand on her chin and looking at the camera while wearing a flowered dress,10.0,#e3bf8e,https://fr.pinterest.com/pin/9851692934081762/
"Thu, 29 Jan 2026 22:44:57 +0000",yhizari,2392.0,an anime character running through the air with her arms in the air and one hand on her hip,19.0,#8d8a83,https://fr.pinterest.com/pin/4151824653002668/
"Fri, 20 Feb 2026 05:15:01 +0000",warmcorneraii,1602.0,a white cat sitting on top of a wooden floor next to a plant filled with leaves,4.0,#4b4d37,https://fr.pinterest.com/pin/36099234508423326/
"Mon, 28 Oct 2024 00:11:13 +0000",Sybil____,1372.0,an anime character standing in front of a tall building with birds flying around her and the sky,7.0,#696e73,https://fr.pinterest.com/pin/12384967722587381/
"Wed, 02 Jul 2025 14:53:40 +0000",tizianarous,551.0,a woman standing in front of a white dragon next to flowers and water with her hand on her chest,32.0,#dec7bc,https://fr.pinterest.com/pin/7318418141159386/
"Sun, 06 Oct 2024 22:38:35 +0000",,,an anime character standing in the grass with her hand on her hip and looking at the camera,0.0,#36868e,https://fr.pinterest.com/pin/54184001761713206/
"Tue, 16 Dec 2025 09:57:19 +0000",kashi_estic,123.0,a girl with long hair holding flowers in her hand and wearing a white beanie,2.0,#694920,https://fr.pinterest.com/pin/30188259997103293/
"Mon, 26 Jan 2026 22:45:33 +0000",ryoshidesign,9130.0,an anime character with white hair and blue eyes holding a staff in front of a cityscape,3.0,#798a92,https://fr.pinterest.com/pin/492649954741541/
"Tue, 09 Dec 2025 22:56:30 +0000",Uartzfashion,13885.0,a painting of a person riding a bike down a road near the ocean and beach,242.0,#5386a0,https://fr.pinterest.com/pin/4151824652850593/
"Thu, 12 Feb 2026 17:44:51 +0000",colorcinch,5.0,,0.0,#886847,https://fr.pinterest.com/pin/439734351140187582/
"Sat, 24 May 2025 00:25:55 +0000",ma1flower_,1972.0,a man and woman looking at something on a tablet,7.0,#501f0d,https://fr.pinterest.com/pin/2322237302416157/
"Fri, 29 Nov 2024 09:27:13 +0000",johnvonniesewan,541.0,a cartoon character holding a stick in the middle of a forest with butterflies flying around,154.0,#3d5561,https://fr.pinterest.com/pin/1337074888556709/
"Sat, 20 Dec 2025 00:23:23 +0000",lifeinvenn,2.0,a woman with long hair wearing a hat and blue shirt standing in front of a door,1.0,#40354e,https://fr.pinterest.com/pin/286963807501861603/
"Sat, 29 Mar 2025 03:01:19 +0000",Elychwan,75727.0,,57.0,#396e6a,https://fr.pinterest.com/pin/6896205673017862/
"Sun, 20 Jul 2025 03:13:46 +0000",Murgoule,55.0,,9.0,#3d7682,https://fr.pinterest.com/pin/6685099441644661/
"Wed, 25 Feb 2026 05:42:08 +0000",serafia9960,53897.0,a painting of a cartoon character in front of a snowy area with trees and bushes,1.0,#907b6b,https://fr.pinterest.com/pin/208784132723772960/
"Fri, 15 Aug 2025 00:31:56 +0000",remziiiya,7833.0,a painting of a house on an island with a boat in the water next to it,15.0,#609586,https://fr.pinterest.com/pin/1337074889577329/
"Tue, 04 Nov 2025 16:29:32 +0000",xoasaw,20657.0,a woman flying through the air on top of a cloud filled sky with kites,1.0,#8998bb,https://fr.pinterest.com/pin/3588874697979582/
"Fri, 16 Jan 2026 16:49:38 +0000",,,"an image of a cartoon scene with people and animals in the background, surrounded by water",7.0,#2a401b,https://fr.pinterest.com/pin/36310340744945563/
"Sat, 30 Aug 2025 13:20:15 +0000",linna_1200,7833.0,an image of a store with plants growing out of it's roof and windows,57.0,#436225,https://fr.pinterest.com/pin/5770305769226432/
"Tue, 19 Aug 2025 03:57:12 +0000",,,a woman standing in front of a window with a pane of food on the counter,44.0,#6a826b,https://fr.pinterest.com/pin/4292562140579089/
"Tue, 09 Jul 2024 22:42:15 +0000",Lightsourcerer,6488.0,,71.0,#737faf,https://fr.pinterest.com/pin/16255248649664731/
"Thu, 13 Mar 2025 21:49:33 +0000",,,,2.0,#989d6b,https://fr.pinterest.com/pin/14707136280858622/
"Tue, 06 Jan 2026 14:36:20 +0000",Fucxx_____,2671.0,a green and yellow trolley car traveling down a street next to the ocean on a sunny day,422.0,#487697,https://fr.pinterest.com/pin/1125968743319096/
"Thu, 05 Oct 2023 05:25:22 +0000",ksenia_marvanova,4.0,,0.0,#c78290,https://fr.pinterest.com/pin/953074339876652798/
"Tue, 03 Sep 2024 05:22:57 +0000",hiroki514,346.0,a woman sitting on top of a wooden bench,18.0,#4b6e5b,https://fr.pinterest.com/pin/9007268000986563/
"Tue, 12 Sep 2023 00:07:22 +0000",lindseyunknownn,565.0,an anime character standing in the middle of a field with mountains and clouds behind him,0.0,#ab7a62,https://fr.pinterest.com/pin/19773685856703545/
"Mon, 05 May 2025 20:14:10 +0000",,,an old man with glasses is holding a pencil,1.0,#eaeceb,https://fr.pinterest.com/pin/113715959336840932/
"Fri, 07 Mar 2025 22:42:02 +0000",jinlidaidai,54.0,a black cat sitting on top of a house next to some water and reeds,33.0,#ab9585,https://fr.pinterest.com/pin/3025924745412095/
"Tue, 18 Nov 2025 02:55:10 +0000",theunchartedlands,1383.0,the young man is dressed in a green cape and standing next to a large tree,1.0,#345150,https://fr.pinterest.com/pin/50735933299264112/
"Wed, 07 Jan 2026 10:57:10 +0000",,,a painting of a hut with water lillies in the foreground and a person sitting on a bench,42.0,#567f42,https://fr.pinterest.com/pin/18718154695684335/
"Wed, 05 Nov 2025 15:56:43 +0000",cihangir571,59646.0,an apartment building with clothes hanging out to dry on the balconies and people cooking outside,513.0,#705f4c,https://fr.pinterest.com/pin/3307399722020709/
"Mon, 26 May 2025 06:39:57 +0000",arace18berserk,256.0,"a girl with brown hair standing in front of some daisies and grass, looking at the camera",4.0,#869574,https://fr.pinterest.com/pin/146015212913418281/
"Sun, 01 Mar 2026 03:47:25 +0000",digistudioDS,580.0,a painting of a house in the middle of flowers and trees with steps leading up to it,0.0,#64693b,https://fr.pinterest.com/pin/142778250683684633/
"Tue, 16 Sep 2025 01:18:07 +0000",SallesDesignAI,1.0,an image of a forest scene with totoro in the foreground and sunlight coming through the trees,3.0,#315439,https://fr.pinterest.com/pin/11259067813821474/
"Mon, 16 Sep 2024 15:57:26 +0000",ryoshidesign,9130.0,a woman with red painted face and ear rings on her head standing in front of the sky,3.0,#6c6888,https://fr.pinterest.com/pin/8233211827159126/
"Wed, 21 May 2025 22:55:43 +0000",ma1flower_,1972.0,a woman in a green dress sitting on a window sill with her hand to her face,3.0,#577a80,https://fr.pinterest.com/pin/2322237302409694/
"Sat, 07 Jun 2025 16:52:40 +0000",Unirya,132.0,,14.0,#423c41,https://fr.pinterest.com/pin/2392606048032193/
"Tue, 10 Sep 2024 12:02:52 +0000",,,an old man walking his dog in the grass,8.0,#5c88c4,https://fr.pinterest.com/pin/12525705207689771/
"Thu, 20 Nov 2025 00:40:51 +0000",,,a painting of a green hobbot house surrounded by flowers,21.0,#6a8e36,https://fr.pinterest.com/pin/4714774605234880/
"Sun, 22 Dec 2024 09:54:02 +0000",Animeicons123,65573.0,two anime characters standing in front of an aurora star filled sky with a cat on their shoulder,9.0,#704b5f,https://fr.pinterest.com/pin/4292562139572830/
"Fri, 05 Sep 2025 16:20:27 +0000",serafia9960,53897.0,a woman flying through the air on top of a broom,97.0,#947993,https://fr.pinterest.com/pin/39406565485229068/
"Sun, 08 Feb 2026 21:57:57 +0000",,,a person sitting on top of a lush green hillside next to the ocean with a bird flying overhead,4.0,#3d8b6b,https://fr.pinterest.com/pin/26458716563777461/
"Sat, 29 Mar 2025 23:33:59 +0000",Emma_2223,21.0,,1.0,#40595a,https://fr.pinterest.com/pin/507569820523414675/
"Fri, 15 Aug 2025 15:03:41 +0000",francopedroso,2134.0,a woman in overalls standing next to a building with an advertisement on the wall behind her,19.0,#568b93,https://fr.pinterest.com/pin/844493675870063/
"Fri, 27 Feb 2026 23:06:20 +0000",Hanaasartistry,20.0,an old man with many different things on his body and in the background he is wearing an apron,1.0,#f4e5ce,https://fr.pinterest.com/pin/246220304625041315/
"Fri, 04 Apr 2025 07:56:56 +0000",monidokidoki,12.0,a woman with glasses is staring at something,4.0,#ac9059,https://fr.pinterest.com/pin/399905641932539301/
"Fri, 16 May 2025 12:37:48 +0000",ArtTLG,10948.0,,21.0,#7c7688,https://fr.pinterest.com/pin/24206916745219862/
"Wed, 10 Dec 2025 19:43:45 +0000",Official_anime_artist_,339.0,,3.0,#354b3a,https://fr.pinterest.com/pin/57491332740730188/
"Sun, 04 Jan 2026 15:49:00 +0000",winadianisa,91.0,a person riding a bike down a dirt road next to a lush green field covered in pink flowers,10.0,#8b7749,https://fr.pinterest.com/pin/4151824652926665/
,,,,,,https://fr.pinterest.com/pin/240450067603803496/
,,,,,,https://fr.pinterest.com/pin/626070785741908475/
,,,,,,https://fr.pinterest.com/pin/355432595612237485/
,,,,,,https://fr.pinterest.com/pin/2322237302409576/
,,,,,,https://fr.pinterest.com/pin/257127459971368493/
,,,,,,https://fr.pinterest.com/pin/271553052528016198/
,,,,,,https://fr.pinterest.com/pin/15199717491189867/
,,,,,,https://fr.pinterest.com/pin/382102349658985438/
,,,,,,https://fr.pinterest.com/pin/163818505189772816/
,,,,,,https://fr.pinterest.com/pin/7951736837980712/
,,,,,,https://fr.pinterest.com/pin/1005499054317122566/
,,,,,,https://fr.pinterest.com/pin/87398049015320782/
,,,,,,https://fr.pinterest.com/pin/630363279144571148/
,,,,,,https://fr.pinterest.com/pin/8373949302732142/
,,,,,,https://fr.pinterest.com/pin/5559199524464352/
"Fri, 05 Dec 2025 09:14:29 +0000",GraphiniArt,174.0,a painting of two trees on the side of a road with clouds in the sky,10.0,#4689c3,https://fr.pinterest.com/pin/4362930884412678/
"Fri, 06 Jun 2025 23:30:53 +0000",ryoshidesign,9133.0,a woman sitting on the ground in front of trees,0.0,#976e64,https://fr.pinterest.com/pin/8233211828189176/
"Sun, 18 Jan 2026 00:07:07 +0000",theunchartedlands,1386.0,an old man holding a pair of scissors in his right hand and looking up at the sky,0.0,#505d8d,https://fr.pinterest.com/pin/155374255890941581/
"Sun, 01 Feb 2026 22:46:09 +0000",besy61415,0.0,"a painting of a city with lots of trees and bushes on the hillside, stairs leading up to buildings",0.0,#59472b,https://fr.pinterest.com/pin/513551163780752123/
,,,,,,https://fr.pinterest.com/pin/38632509301602553/
"Sat, 25 Oct 2025 11:43:40 +0000",OhHiHanna,77.0,,12.0,#208f6c,https://fr.pinterest.com/pin/295056213112537408/
"Mon, 20 Jan 2025 04:18:35 +0000",silentcloud_,14414.0,the sun shines brightly through the trees in an animated scene with red and green decorations,12178.0,#1e5e46,https://fr.pinterest.com/pin/5066618329889076/
"Thu, 03 Oct 2024 21:47:46 +0000",neyut_02,34299.0,a woman sitting on top of a roof next to a black cat and pink flowers,4.0,#476a7f,https://fr.pinterest.com/pin/17240411068738251/
,,,,,,https://fr.pinterest.com/pin/8866530511033603/
"Sat, 15 Nov 2025 05:59:58 +0000",ajudimple2,5158.0,,2.0,#4b3d30,https://fr.pinterest.com/pin/33636328462073670/
"Thu, 22 Jan 2026 03:55:40 +0000",nguynphmtrinhtrinh,5887.0,two people sitting on the edge of a high cliff overlooking a city with tall buildings,12.0,#5f7558,https://fr.pinterest.com/pin/9077636745156592/
,,,,,,https://fr.pinterest.com/pin/774124930051246/
"Sun, 26 Jan 2025 21:52:36 +0000",silentcloud_,14414.0,a person sitting in the grass looking at mountains,3978.0,#7fa187,https://fr.pinterest.com/pin/2533343537238381/
"Wed, 04 Feb 2026 19:53:18 +0000",animedreamerdiaries23,1.0,a woman sitting at a table holding a cup,0.0,#787670,https://fr.pinterest.com/pin/658158933098904261/
"Sat, 20 Apr 2024 06:49:06 +0000",mikua94,40550.0,an anime character sitting at a table with her hand on her chin and looking off into the distance,19.0,#32433f,https://fr.pinterest.com/pin/51158145760051046/
"Tue, 28 Oct 2025 04:21:35 +0000",Alin_lya2,28170.0,a person riding a bike down a dirt road under a full moon filled sky with mountains in the background,92.0,#40594e,https://fr.pinterest.com/pin/12807180188607925/
"Sat, 12 Apr 2025 05:34:05 +0000",ryoshidesign,9133.0,a woman with blood all over her body standing in front of a blue sky and water,24.0,#644653,https://fr.pinterest.com/pin/3307399721397966/
"Mon, 17 Mar 2025 01:12:10 +0000",remziiiya,7845.0,a painting of a house sitting on top of a small island in the middle of water,7.0,#538ea3,https://fr.pinterest.com/pin/1688918605995391/
"Mon, 02 Feb 2026 18:26:49 +0000",nijijourney,18.0,a painting of a train traveling on the tracks over clear blue water under a cloudy sky,4.0,#1b96d0,https://fr.pinterest.com/pin/12244230231524027/
"Fri, 04 Apr 2025 00:39:01 +0000",,,"a woman kneeling down in the woods with her hands on her knees, wearing an elaborate headdress",6.0,#543d37,https://fr.pinterest.com/pin/10555380371317414/
"Thu, 02 Oct 2025 09:00:32 +0000",GoharArt_7,114991.0,a boy and a frog are peeking out from the green leaves in front of him,3.0,#3b6721,https://fr.pinterest.com/pin/1548181186167190/
"Tue, 19 Aug 2025 02:03:43 +0000",ana4ai,9926.0,a painting of a frog sitting on top of a tree stump in the middle of a forest,1.0,#2f5254,https://fr.pinterest.com/pin/5559199537604269/
"Thu, 24 Apr 2025 05:26:21 +0000",,,an old man is standing in the grass,9.0,#9a9cc5,https://fr.pinterest.com/pin/8585055535376416/
"Tue, 03 Mar 2026 09:50:56 +0000",JulLeo05,10.0,an anime character sitting on a bench in front of a cityscape with tall buildings,0.0,#9d9465,https://fr.pinterest.com/pin/254171972718116748/
"Mon, 13 Oct 2025 21:50:08 +0000",nanai0060,185.0,"a woman with headphones is standing in front of some plants and leaves, while looking at",20.0,#bbac76,https://fr.pinterest.com/pin/140806234491356/
"Mon, 25 Aug 2025 19:34:34 +0000",kaziabid232967,42.0,a blue car parked in front of a white house with trees on the side of it,10.0,#385d40,https://fr.pinterest.com/pin/19351473394612312/
"Wed, 24 Jul 2024 15:44:31 +0000",naomimomis09,1675.0,a boy holding a bunny in front of a house at night with the sun shining on him,4.0,#5d381c,https://fr.pinterest.com/pin/355080751887128194/
"Sat, 29 Mar 2025 23:49:44 +0000",I_will_do,42.0,a woman sitting under an umbrella in the rain by the ocean with her hand on her chin,0.0,#4a698c,https://fr.pinterest.com/pin/291467407241590862/
"Fri, 13 Dec 2024 04:38:14 +0000",amaelol,12207.0,a woman with long black hair standing in front of a building and holding a backpack,29.0,#6c5925,https://fr.pinterest.com/pin/985231164028366/
"Tue, 19 Aug 2025 12:19:43 +0000",,,a tree with purple flowers in front of a building,11.0,#7c6a87,https://fr.pinterest.com/pin/844493675884146/
"Wed, 18 Feb 2026 21:12:11 +0000",tapheretomakeyours,474.0,,7.0,#d3dff3,https://fr.pinterest.com/pin/368661919518769980/
"Tue, 06 May 2025 02:54:24 +0000",Raine_Lee404,0.0,"before and after photoshopped onto an image of a woman holding a dog, then on the same photo",0.0,#b6c2e7,https://fr.pinterest.com/pin/1141873680525943490/
"Sat, 03 May 2025 10:32:57 +0000",serafia9960,53917.0,a woman riding on the back of a pink scooter with seagulls flying above,127.0,#a28e99,https://fr.pinterest.com/pin/43487952648744955/
"Thu, 08 May 2025 09:23:35 +0000",serafia9960,53917.0,a woman flying through the air with a cat on her back in front of a city,173.0,#2983b3,https://fr.pinterest.com/pin/19492210986600603/
"Sat, 21 Feb 2026 00:14:44 +0000",rashmihole,95.0,a painting of a person walking down a dirt road with a bridge in the background,0.0,#2d6a48,https://fr.pinterest.com/pin/26458716563819710/
"Sat, 11 Oct 2025 16:53:05 +0000",joshlineekka,18.0,a woman standing in a field of sunflowers with her hand on her hip,2.0,#5d9c4c,https://fr.pinterest.com/pin/138556126032350673/
"Tue, 04 Nov 2025 15:44:31 +0000",revution07,35.0,a group of people riding on top of a boat in the water with two men,1528.0,#065b5c,https://fr.pinterest.com/pin/148548487704159977/
"Sat, 12 Apr 2025 10:22:31 +0000",vipartlab,186.0,a man sitting on top of a lush green field next to a tree filled forest,47.0,#2d7069,https://fr.pinterest.com/pin/415316396905694605/
"Mon, 16 Jun 2025 23:06:21 +0000",RiniMiriell,8.0,,0.0,#678f3c,https://fr.pinterest.com/pin/381750505936161993/
"Fri, 19 Dec 2025 23:08:59 +0000",lifeinvenn,2.0,a woman sitting at a table in front of a potted plant,2.0,#7e602b,https://fr.pinterest.com/pin/23010648093758912/
"Mon, 02 Jun 2025 00:17:00 +0000",Neoanimeai,247.0,a painting of a woman and a wolf,18.0,#46534a,https://fr.pinterest.com/pin/8514686790999720/
"Wed, 11 Dec 2024 23:38:37 +0000",,,a close up of a person wearing a white shirt and blue earrings with sky in the background,22.0,#5477a1,https://fr.pinterest.com/pin/15481192463130524/
"Fri, 31 Jan 2025 00:15:03 +0000",naomimomis09,1675.0,an anime character with long hair sitting on a bench,3.0,#c3957a,https://fr.pinterest.com/pin/135741376263840479/
"Thu, 28 Aug 2025 18:59:06 +0000",ma1flower_,1972.0,a girl holding flowers in front of a fence,0.0,#547036,https://fr.pinterest.com/pin/340795896823631653/
"Sun, 10 Aug 2025 09:41:53 +0000",anapau_verazas,14.0,an anime street scene with bicycles parked on the sidewalk and trees lining both sides of the road,0.0,#2e4a2b,https://fr.pinterest.com/pin/106890191153035119/
"Tue, 03 Mar 2026 16:27:15 +0000",lifescapesvisual,129.0,a path in the middle of a forest with trees and lanterns on either side of it,0.0,#30392d,https://fr.pinterest.com/pin/49398927159630504/
"Thu, 27 Nov 2025 10:08:15 +0000",zf_vj,5491.0,,0.0,#7a7075,https://fr.pinterest.com/pin/26810560281939722/
"Tue, 10 Feb 2026 07:35:10 +0000",nguynphmtrinhtrinh,5887.0,,6.0,#293d32,https://fr.pinterest.com/pin/34691859628242247/
"Mon, 20 Jan 2025 06:07:12 +0000",Studioyume07,80.0,"a man with a hat and backpack standing in front of some tall grass, looking at the sky",1.0,#8e623c,https://fr.pinterest.com/pin/198651033556452944/
"Thu, 27 Nov 2025 11:31:56 +0000",fk9415910,53.0,a girl holding a large leaf over her shoulder,8.0,#8dbd74,https://fr.pinterest.com/pin/3518505955200679/
"Sun, 28 Sep 2025 04:16:14 +0000",Fucxx_____,2679.0,a green and white train traveling down tracks next to the ocean on a sunny day,121.0,#90acb2,https://fr.pinterest.com/pin/18155204743793327/
"Sat, 28 Dec 2024 10:13:55 +0000",PopArtDesignCollection,579.0,a person standing in the middle of a lake surrounded by bubbles and jellyfishes,0.0,#29595f,https://fr.pinterest.com/pin/279082508153259791/
"Mon, 07 Jul 2025 11:56:34 +0000",NovaVideo2026,2.0,there are two pictures of people sitting on a bench and one has a dog in front of them,0.0,#cdb07e,https://fr.pinterest.com/pin/969751732275254704/
"Sun, 16 Feb 2025 06:47:05 +0000",MNHamidd,831.0,a red and white lighthouse sitting on top of a lush green field next to the ocean,93.0,#4472a2,https://fr.pinterest.com/pin/774124930497648/
"Thu, 07 Aug 2025 04:56:16 +0000",ma1flower_,1972.0,"a man in a suit and tie pointing to another man wearing sunglasses, standing next to a brick wall",3.0,#36352a,https://fr.pinterest.com/pin/30328997485790610/
"Tue, 17 Jun 2025 02:30:50 +0000",stackedaiart,421.0,,0.0,#501510,https://fr.pinterest.com/pin/290974825948528549/
"Wed, 21 May 2025 22:34:16 +0000",ma1flower_,1972.0,a painting of a man with a beard wearing a golden state warriors jersey,0.0,#1e3d4e,https://fr.pinterest.com/pin/2322237302409513/
"Fri, 09 Jan 2026 10:18:29 +0000",allxx24,1.0,an artistic painting of a mountain town with stairs leading up to the buildings and trees,0.0,#603c27,https://fr.pinterest.com/pin/724235183870481102/
"Sun, 18 Aug 2024 15:00:25 +0000",MagiaOrdinaria,4.0,a painting of a beach with houses on it,2.0,#7392ab,https://fr.pinterest.com/pin/8655424280574588/
"Mon, 16 Feb 2026 13:26:04 +0000",sampul_kristen,16574.0,some gold fish are swimming in the water,76.0,#496e56,https://fr.pinterest.com/pin/29695678788881671/
"Fri, 30 Jan 2026 06:30:46 +0000",serafia9960,53918.0,a woman flying through the air with a cat on her back and birds in the background,13.0,#697572,https://fr.pinterest.com/pin/29343835068979935/
"Thu, 03 Jul 2025 12:56:55 +0000",amannishadji30,0.0,,0.0,#1a2935,https://fr.pinterest.com/pin/610589662018169598/
"Fri, 19 Sep 2025 21:13:09 +0000",,,a girl and a white dragon are in the sky with their heads touching each other,5.0,#99a6a2,https://fr.pinterest.com/pin/10766486606663462/
"Sun, 21 Dec 2025 22:14:54 +0000",kajika777,2.0,a woman riding on the back of a white wolf,1.0,#a59c78,https://fr.pinterest.com/pin/25192079163070163/
"Mon, 01 Jul 2024 20:25:34 +0000",,,an old woman sitting on a bench in front of a tree with clouds behind her,0.0,#4b513c,https://fr.pinterest.com/pin/365776801003795913/
"Mon, 08 Dec 2025 16:03:22 +0000",pixelskyline_ai,2928.0,an open book sitting on top of a wooden table next to a cup of coffee,3.0,#639c85,https://fr.pinterest.com/pin/12525705209087548/
"Mon, 28 Aug 2023 21:20:18 +0000",lilbirdiechi,131.0,,0.0,#483b36,https://fr.pinterest.com/pin/75787206221023190/
"Tue, 25 Mar 2025 19:42:36 +0000",ainhoagraciagonzalez,1328.0,an animated image of a woman sitting in the woods,6.0,#3e633c,https://fr.pinterest.com/pin/131519251613307527/
"Tue, 08 Jul 2025 04:03:01 +0000",HalfOf333,180.0,a painting of a small house with a green roof and stone steps leading up to it,5.0,#4a5733,https://fr.pinterest.com/pin/56365432833210160/
"Tue, 21 Oct 2025 20:08:36 +0000",,,an image of a rainy day in the park,133.0,#0f2220,https://fr.pinterest.com/pin/1688918606693195/
"Thu, 10 Aug 2023 07:21:03 +0000",khaulethe,41189.0,,55.0,#52863d,https://fr.pinterest.com/pin/7810999346840882/
"Thu, 01 May 2025 12:30:56 +0000",,,a painting of a picnic table in the middle of a field with mountains and trees,686.0,#436861,https://fr.pinterest.com/pin/4925880837522798/
"Thu, 30 Oct 2025 01:09:38 +0000",,,a glass ball sitting on top of a wooden table in front of a book shelf,7.0,#394d35,https://fr.pinterest.com/pin/20547742047628532/
"Mon, 24 Nov 2025 10:56:32 +0000",serafia9960,53918.0,,12.0,#5b7d7b,https://fr.pinterest.com/pin/28147566418940932/
"Tue, 09 Dec 2025 13:46:08 +0000",cheezburgerpins,2195459.0,an old man sitting on top of a hill holding a stick,0.0,#4f7069,https://fr.pinterest.com/pin/4600919702359697152/
"Fri, 14 Nov 2025 10:58:34 +0000",bestfinds190711,2186.0,a green bird sitting on top of a tree branch in the forest next to leaves,4.0,#51844b,https://fr.pinterest.com/pin/1266706141552028/
"Sat, 09 Sep 2023 18:39:13 +0000",artBeboo,1487.0,,0.0,#905d37,https://fr.pinterest.com/pin/739716307569386199/
"Tue, 27 Jan 2026 16:53:16 +0000",softframeai,306.0,a woman laying on top of a bed next to a cat in a room filled with books,1.0,#514139,https://fr.pinterest.com/pin/17662623534078344/
"Fri, 21 Nov 2025 12:49:07 +0000",Interesting5268,505.0,a painting of a waterfall with people standing on the bridge above it and some trees in the background,117.0,#19605c,https://fr.pinterest.com/pin/108649409756069707/
"Sun, 30 Jul 2023 21:19:35 +0000",,,"an illustration of a woman with blue hair and flowers in her hair, wearing a kimono",46.0,#d1cdc2,https://fr.pinterest.com/pin/68746343308/
"Mon, 26 May 2025 07:36:09 +0000",AlpineGhibli,260.0,a woman with long red hair standing in front of a bamboo wall and looking off to the side,1.0,#a07143,https://fr.pinterest.com/pin/25895766603371109/
"Tue, 11 Nov 2025 18:55:57 +0000",youraverageguyy,267.0,an orange and white cat sitting in a green window,1.0,#425a40,https://fr.pinterest.com/pin/23010648093638214/
"Thu, 15 Jan 2026 16:36:23 +0000",,,a boy holding a dog in his arms,0.0,#886956,https://fr.pinterest.com/pin/540994974008076123/
"Wed, 08 Jan 2025 21:26:29 +0000",Lalalalisa_m1905,12.0,"an anime character with long blonde hair and glasses on her head, standing in front of a",27.0,#d4af8d,https://fr.pinterest.com/pin/1196337403767334/
"Tue, 10 Sep 2024 14:06:44 +0000",,,"a woman with sunflowers in her hand and a hat on her head,",15.0,#a9713d,https://fr.pinterest.com/pin/8655424280654632/
"Sun, 22 Feb 2026 04:51:26 +0000",sarammoreno117,3.0,an orange and white cat laying on top of a wooden window sill next to plants,11.0,#404127,https://fr.pinterest.com/pin/13229392654066116/
"Fri, 28 Mar 2025 05:25:19 +0000",exhibittechnology,18.0,the internet's newest obsession all is now turning people and places into studio ghibli,0.0,#52351c,https://fr.pinterest.com/pin/633248397645631001/
"Wed, 25 Feb 2026 15:43:02 +0000",rianidaniati123,307.0,,0.0,#166e59,https://fr.pinterest.com/pin/737042295312747867/
"Wed, 17 Jan 2024 03:52:00 +0000",,,the many faces of an anime character,12.0,#8b7f6b,https://fr.pinterest.com/pin/46302702414253400/
"Thu, 27 Mar 2025 10:25:55 +0000",theunchartedlands,1386.0,a woman holding a magnifying glass looking at a map in front of flowers,4.0,#656f4f,https://fr.pinterest.com/pin/29554941300806347/
"Wed, 09 Apr 2025 23:54:53 +0000",gbonnerue,3281.0,an old woman in a kimono with fish around her,0.0,#5f8d7b,https://fr.pinterest.com/pin/422281211561536/
"Sat, 12 Apr 2025 13:55:06 +0000",ELIOSLEE512,1513.0,a cat that is standing in front of a food stand with many items on it,32.0,#574639,https://fr.pinterest.com/pin/281543725380038/
"Mon, 06 May 2024 08:58:04 +0000",cheezburgerpins,2195460.0,"a man sitting at a table with his hands folded in front of him, looking out the window",0.0,#726746,https://fr.pinterest.com/pin/275775177176279575/
"Thu, 09 Jan 2025 00:02:35 +0000",,,a painting of an alley way with flowers on the trees and buildings in the background,29.0,#8a6a65,https://fr.pinterest.com/pin/10485011663977005/
"Wed, 05 Nov 2025 03:16:10 +0000",danh44098,2821.0,a doll is holding an umbrella in the middle of a street with leaves all over it,6.0,#aa875c,https://fr.pinterest.com/pin/10273905395285384/
"Fri, 19 Dec 2025 22:46:49 +0000",theunchartedlands,1386.0,an old man with a straw hat sitting in front of some plants and jars on the ground,0.0,#3b694e,https://fr.pinterest.com/pin/469711436159753457/
"Sat, 06 Dec 2025 14:23:21 +0000",,,,8.0,#9e926e,https://fr.pinterest.com/pin/172051648260932473/
"Sat, 03 May 2025 01:53:27 +0000",motivespire,118.0,a woman in a purple dress standing next to flowers near a tree and water with a castle in the background,0.0,#847752,https://fr.pinterest.com/pin/855121048033265903/
"Wed, 25 Feb 2026 04:22:11 +0000",by_karinehr,1.0,a woman with green eyes is laying in flowers,0.0,#41422c,https://fr.pinterest.com/pin/946530046703033119/
"Wed, 24 Dec 2025 17:14:51 +0000",Official_anime_artist_,339.0,,0.0,#36573d,https://fr.pinterest.com/pin/640144534576289085/
"Tue, 06 May 2025 12:15:15 +0000",thelifeofbee1,548.0,a woman with glasses is sitting in front of a painting and looking at the camera,1.0,#4b3f17,https://fr.pinterest.com/pin/9218374232338637/
"Mon, 28 Apr 2025 15:04:21 +0000",komal_goyal06,85.0,a painting of a woman standing in front of a blue building with flowers on it,1.0,#37575a,https://fr.pinterest.com/pin/475622410668881183/
"Wed, 16 Jul 2025 14:48:02 +0000",yeusha,401.0,a woman wearing a straw hat looking at something in the distance with bright lights behind her,1.0,#594737,https://fr.pinterest.com/pin/8444318046925392/
"Sat, 20 Dec 2025 08:47:28 +0000",pixie_Angel4201,164.0,,0.0,#046f70,https://fr.pinterest.com/pin/139400550962547703/
"Thu, 12 Feb 2026 19:12:16 +0000",iamakshaylodhi,2461.0,,0.0,#8f806d,https://fr.pinterest.com/pin/584623595420773809/
"Fri, 13 Feb 2026 14:22:01 +0000",rianidaniati123,307.0,a person walking down a set of stairs in the middle of a forest filled with trees,0.0,#305433,https://fr.pinterest.com/pin/981432943811821386/
"Fri, 20 Feb 2026 23:29:54 +0000",gdkdgro,1.0,an image of a book store on the street,0.0,#4d6152,https://fr.pinterest.com/pin/26458716563819595/
"Sat, 31 Jan 2026 21:33:20 +0000",diegu__,539.0,an artistic painting of a mountain town with a river running between it and mountains in the background,0.0,#69a4a9,https://fr.pinterest.com/pin/12244230231516918/
"Tue, 03 Mar 2026 15:53:21 +0000",BlaisedMr,19.0,an anime character sitting in the water surrounded by plants,11.0,#2d5e62,https://fr.pinterest.com/pin/5699937024977204/
"Thu, 05 Feb 2026 14:51:06 +0000",,,an artist's rendering of a house in the middle of a garden with water and rocks,41.0,#578741,https://fr.pinterest.com/pin/1688918607035323/
"Sun, 19 Oct 2025 18:21:44 +0000",Neoanimeai,247.0,a woman with white fur and earrings sitting on the ground,2.0,#374340,https://fr.pinterest.com/pin/23362491813805135/
"Wed, 04 Dec 2024 23:40:47 +0000",,,a woman standing in front of a vending machine on a rainy street at night,160.0,#506375,https://fr.pinterest.com/pin/2181499815675281/
"Fri, 13 Feb 2026 14:16:36 +0000",rianidaniati123,307.0,an anime character with a backpack standing in front of some trees and flowers on a sunny day,0.0,#748da1,https://fr.pinterest.com/pin/981432943811821189/
"Wed, 21 May 2025 23:12:22 +0000",ma1flower_,1972.0,a man sitting on top of a toilet holding an open book in front of his face,0.0,#c49d73,https://fr.pinterest.com/pin/2322237302409802/
"Fri, 12 Dec 2025 05:33:23 +0000",flux1ai,142.0,,0.0,#415a4c,https://fr.pinterest.com/pin/327988785382948468/
"Sat, 21 Feb 2026 16:17:38 +0000",ap2493258,1.0,a girl in a yellow dress is holding a sunflower and looking at the house,0.0,#61531f,https://fr.pinterest.com/pin/466615211413565457/
"Mon, 02 Mar 2026 14:56:48 +0000",,,an open window with the city in the distance and flowers growing all over it's sides,0.0,#36805b,https://fr.pinterest.com/pin/39336196741498209/
"Sat, 21 Feb 2026 02:08:35 +0000",govindmahawar1970,3.0,a woman sitting on top of a wooden bench,0.0,#3f2c22,https://fr.pinterest.com/pin/976577500477237426/
"Sun, 20 Jul 2025 21:08:03 +0000",haashdeep,0.0,,0.0,#3b412b,https://fr.pinterest.com/pin/32369691067341412/
"Tue, 17 Feb 2026 14:40:05 +0000",marvelwallpaper1,2156.0,a woman leaning out the window of a car with her hair blowing in the wind,0.0,#6ea56b,https://fr.pinterest.com/pin/300685712644669034/
"Sat, 09 Aug 2025 20:42:58 +0000",nanai0060,185.0,a woman sitting on top of a wooden bench next to red flowers and headphones,26.0,#e3c69d,https://fr.pinterest.com/pin/914862421330226/
"Fri, 19 Dec 2025 22:30:03 +0000",limmacamilo0772,339.0,a painting of a small store by the beach with pink flowers on it's tree,3.0,#74998a,https://fr.pinterest.com/pin/1407443630442280/
"Mon, 23 Feb 2026 14:56:28 +0000",marvelwallpaper1,2157.0,,0.0,#645e42,https://fr.pinterest.com/pin/300685712644715510/
"Tue, 25 Feb 2025 22:04:04 +0000",mochilismmm,33622.0,a painting of a bicycle parked in front of a house with flowers on the windows,674.0,#7c8d84,https://fr.pinterest.com/pin/8514686790643073/
"Tue, 17 Feb 2026 04:40:33 +0000",macha193st,4.0,an animated image of people cooking in a kitchen with a large tomato on the stove,0.0,,https://fr.pinterest.com/pin/907405024942779924/
"Fri, 26 Sep 2025 06:45:48 +0000",mckassonm,1365.0,an image of a city street with lots of buildings and trees on the side walk,0.0,#6f784a,https://fr.pinterest.com/pin/39476934229551802/
"Wed, 31 Dec 2025 04:17:39 +0000",angelinamhcurita,1.0,an image of a fantasy village with stairs,0.0,#553826,https://fr.pinterest.com/pin/728105464801664881/
"Sat, 07 Feb 2026 12:11:02 +0000",serafia9960,53919.0,a woman riding on the back of a train with totoro and hippo,5.0,#97a380,https://fr.pinterest.com/pin/250864641740864100/
"Thu, 01 Jan 2026 03:26:00 +0000",nguynphmtrinhtrinh,5887.0,a train station sitting on the tracks under a blue sky with white clouds and green grass,12.0,#3275de,https://fr.pinterest.com/pin/49750770880260503/
"Mon, 29 Sep 2025 20:14:06 +0000",nekohana0111,395.0,,16.0,#8ddced,https://fr.pinterest.com/pin/422281212080965/
"Tue, 13 Jan 2026 04:22:25 +0000",pixelskyline_ai,2928.0,two people are standing in front of a building with flowers on the windows and balconies,0.0,#6b9681,https://fr.pinterest.com/pin/24488391720576404/
"Thu, 08 Aug 2024 13:48:36 +0000",decor__utopia,3911.0,a house on an island in the middle of water,99.0,#3d6e75,https://fr.pinterest.com/pin/1548181171347966/
"Tue, 05 Dec 2023 10:47:10 +0000",postfunpage,42105.0,"cartoon characters with text that reads, we can guess your age based on what shows you recognize",29.0,#918e79,https://fr.pinterest.com/pin/21532904462427056/
"Mon, 08 Dec 2025 01:13:13 +0000",irashek,1167.0,a painting of a stone house with steps leading up to it,4.0,#304b4b,https://fr.pinterest.com/pin/19562579626490931/
"Tue, 19 Mar 2024 08:04:35 +0000",naomimomis09,1675.0,a woman sitting under a tree with the sun shining behind her and flowers in front of her,0.0,#8e502e,https://fr.pinterest.com/pin/971229475878809623/
"Wed, 21 Jan 2026 10:34:46 +0000",serafia9960,53920.0,a painting of people washing clothes on the roof of a house next to a river,10.0,#838c71,https://fr.pinterest.com/pin/5629568280112997/
"Sun, 08 Jun 2025 10:47:32 +0000",superpowerthought,47.0,a painting of a girl standing in the grass with pink and blue clouds behind her,20.0,#6c5a72,https://fr.pinterest.com/pin/19281104652094106/
"Mon, 14 Apr 2025 20:44:59 +0000",shipicks,18.0,an animated image of a woman with long hair and a pink bow on her head,0.0,#9d8164,https://fr.pinterest.com/pin/427419820903256394/
"Sat, 28 Feb 2026 20:31:48 +0000",bipin77777,1219.0,,0.0,#5a5245,https://fr.pinterest.com/pin/887912882821296362/
"Wed, 29 Oct 2025 14:11:58 +0000",firosefariha27,1042.0,an owl sitting on top of a tree branch in the forest with bright colored eyes,9.0,#263f4b,https://fr.pinterest.com/pin/25684660371923691/
"Sat, 18 May 2024 02:07:17 +0000",adanamineko,760.0,two foxes standing next to each other in an alley with people walking on the sidewalk,0.0,#946a58,https://fr.pinterest.com/pin/312859505381238980/
"Sun, 22 Feb 2026 20:06:56 +0000",aponex,410.0,a green train traveling over a bridge with water lilies in the foreground and trees on either side,13.0,#91a94f,https://fr.pinterest.com/pin/5277724560233129/
"Tue, 03 Mar 2026 22:23:21 +0000",artofreeve,117.0,an image of a cartoon character on a table with other characters and objects around him,0.0,#aca18c,https://fr.pinterest.com/pin/90564642501278237/
"Fri, 05 Jan 2024 04:24:45 +0000",skadizzz,29875.0,,0.0,#727062,https://fr.pinterest.com/pin/264305071875099492/
"Mon, 29 Sep 2025 09:43:43 +0000",xv_afera,32240.0,an image of a beautiful window in the middle of a field full of wildflowers,213.0,#47432c,https://fr.pinterest.com/pin/1125968743049184/
"Tue, 13 Jan 2026 18:45:15 +0000",susinurazizah72,7.0,a cartoon frog sitting on top of a green leaf in the middle of water surrounded by grass,93.0,#2da093,https://fr.pinterest.com/pin/23151385580249728/
"Wed, 19 Nov 2025 06:58:14 +0000",,,an image of a rainy day in the forest with rain falling on trees and buildings,55.0,#294034,https://fr.pinterest.com/pin/1900024839553398/
"Sun, 19 Oct 2025 19:21:18 +0000",aluo040705,11.0,"an illustration of a woman with long white hair wearing a blue and orange outfit, standing in front of trees",12.0,#cb7586,https://fr.pinterest.com/pin/492649954472764/
"Mon, 09 Feb 2026 18:01:47 +0000",juvk008,389.0,the little mermaids are eating dinner together in this cartoon style scene with cats and mice,0.0,#7d4e39,https://fr.pinterest.com/pin/65372632086866702/
"Thu, 20 Nov 2025 10:46:54 +0000",,,,322.0,#9e6a60,https://fr.pinterest.com/pin/2181499816850974/
"Sat, 21 Feb 2026 14:02:53 +0000",ai_art_insanity,3927.0,a woman sitting in the middle of a field with purple and white flowers on it,10.0,#50703d,https://fr.pinterest.com/pin/3799980931271795/
"Wed, 27 Nov 2024 19:37:42 +0000",nooraartsy,5.0,a girl in a red dress is walking through some green leaves and looking up at the sky,1.0,#145326,https://fr.pinterest.com/pin/732397958186247368/
"Thu, 08 Jan 2026 01:50:21 +0000",funart78602,5.0,a painting of a tree in front of a building with bookshelves on it,6.0,#4a9671,https://fr.pinterest.com/pin/23010648093819557/
"Fri, 13 Feb 2026 14:15:24 +0000",rianidaniati123,307.0,two people walking down a path in front of a mountain with pagodas on it,0.0,#2b473e,https://fr.pinterest.com/pin/981432943811821144/
"Fri, 05 Dec 2025 06:21:38 +0000",amirahossam9009,136.0,,2.0,#a16221,https://fr.pinterest.com/pin/582301426877167576/
"Sun, 26 Oct 2025 23:13:10 +0000",nguynphmtrinhtrinh,5887.0,a cat sitting under a tree with white flowers on it's branches and looking up at the sky,38.0,#374144,https://fr.pinterest.com/pin/34691859627951672/
"Thu, 29 Aug 2024 13:44:09 +0000",ZigbaghTV,2415.0,,69.0,#483d31,https://fr.pinterest.com/pin/1548181171966691/
"Sun, 23 Nov 2025 13:06:13 +0000",warmcorneraii,1611.0,a woman standing in front of a small stand with potted plants on the side,0.0,#01b0c8,https://fr.pinterest.com/pin/50102614599830117/
"Sat, 02 Aug 2025 01:11:07 +0000",cccuster000900,1231.0,a pink flower with green leaves and water droplets on it's petals in the rain,44.0,#3e4f39,https://fr.pinterest.com/pin/211809988720330529/
"Sat, 31 Aug 2024 17:36:56 +0000",,,"the many faces of anime characters from different eras to present in their own language,",60.0,#595a5a,https://fr.pinterest.com/pin/22166223162359641/
"Fri, 26 Dec 2025 01:16:24 +0000",kulphichaijilawut,3351.0,a japanese garden with koi fish swimming in the water and a gazebo surrounded by cherry blossom trees,2.0,#6d7c7c,https://fr.pinterest.com/pin/1477812374898120/
"Wed, 21 May 2025 23:03:08 +0000",ma1flower_,1972.0,a man with a beard is standing in front of an archway and looking at the camera,0.0,#986b2e,https://fr.pinterest.com/pin/2322237302409755/
"Tue, 22 Jul 2025 05:37:35 +0000",,,a woman in a pink dress holding an umbrella,0.0,#554342,https://fr.pinterest.com/pin/843932417714515379/
"Tue, 29 Apr 2025 21:09:47 +0000",aiartwisdom,1665.0,an aerial view of a town with mountains in the background and cherry blossoms on the ground,15.0,#458a94,https://fr.pinterest.com/pin/24910604185246761/
"Thu, 12 Feb 2026 10:24:19 +0000",payoni3162,1.0,a painting of a tree on a hill with flowers in the foreground and clouds in the background,3.0,#517d32,https://fr.pinterest.com/pin/37506609392378157/
"Thu, 16 Jan 2025 03:12:21 +0000",IsraelSese27,3320.0,a woman riding a bike down a street next to tall wooden buildings and green trees,141.0,#4a719f,https://fr.pinterest.com/pin/13721973860543896/
"Wed, 25 Jun 2025 07:01:33 +0000",,,an orange cat laying on top of a wooden floor next to a window,16.0,#625233,https://fr.pinterest.com/pin/1618549864316799/
"Sat, 06 Sep 2025 13:54:03 +0000",suzzimind,372.0,a woman with long hair and green eyes standing in front of a wall holding her hands on her hips,0.0,#849060,https://fr.pinterest.com/pin/368310075797339149/
"Mon, 20 Oct 2025 11:05:37 +0000",pixelskyline_ai,2928.0,a painting of watermelon and lemons in a garden,1.0,#515f1f,https://fr.pinterest.com/pin/83387030598170485/
"Sun, 01 Mar 2026 16:54:27 +0000",kawaii1758,468.0,an anime scene with a river running through the grass and houses in the background at night,0.0,#34585c,https://fr.pinterest.com/pin/106749453663915696/
"Mon, 08 Dec 2025 17:03:41 +0000",motivespire,118.0,two women standing next to each other on top of a sandy beach with the ocean in the background,0.0,#869665,https://fr.pinterest.com/pin/460070918206604719/
"Thu, 15 Aug 2024 04:47:03 +0000",ainhoagraciagonzalez,1328.0,"an animated image of a woman standing in front of some plants and flowers with the caption, jasmine",6.0,#576f42,https://fr.pinterest.com/pin/34832597114385557/
"Sun, 21 Dec 2025 12:08:00 +0000",pichowever,1775.0,"a painting of a building with green shutters and flowers on the outside, next to a pool",0.0,#5c7143,https://fr.pinterest.com/pin/901212575447569113/
"Tue, 11 Nov 2025 14:32:59 +0000",ryoshidesign,9133.0,an anime character with white hair holding a staff,0.0,#ead9c2,https://fr.pinterest.com/pin/492649954534699/
"Wed, 18 Feb 2026 12:46:05 +0000",simranray466,11.0,a girl with blue eyes is holding a camera and looking through the leaves to see something,0.0,#333643,https://fr.pinterest.com/pin/1150388298587669346/
"Wed, 11 Feb 2026 00:15:27 +0000",its_CN__,51.0,an anime scene with a yellow bus parked in front of the entrance to a village,2.0,#45755c,https://fr.pinterest.com/pin/287174913745435810/
"Mon, 12 Jan 2026 20:51:18 +0000",ItsDone2000,3755.0,two people riding horses on a grassy hill with mountains in the background and clouds overhead,340.0,#425b47,https://fr.pinterest.com/pin/8162843070697417/
"Sun, 29 Jun 2025 02:26:59 +0000",,,a woman sitting on top of a window sill next to a jar filled with liquid,6.0,#be944b,https://fr.pinterest.com/pin/9359111721656535/
"Sat, 18 Jan 2025 19:17:21 +0000",s_____shahid,2114.0,a painting of a city street at night with the sun going down and clouds in the sky,733.0,#313455,https://fr.pinterest.com/pin/9288742976446468/
"Tue, 30 Jul 2024 03:54:37 +0000",,,a painting of a yellow house surrounded by greenery and trees with red flowers on the roof,50.0,#222d1b,https://fr.pinterest.com/pin/5629568278269591/
"Fri, 27 Feb 2026 05:55:40 +0000",s20609824839,36.0,three cartoon girls with different hair styles,11.0,#9f5628,https://fr.pinterest.com/pin/3659243441745546/
"Tue, 30 Sep 2025 17:12:49 +0000",nanai0060,185.0,a drawing of a woman with a backpack on the cover of a magazine or book,63.0,#e3cba4,https://fr.pinterest.com/pin/281543726239077/
"Mon, 16 Feb 2026 03:53:00 +0000",VibrantxVibes,1752.0,a woman riding a bike down a dirt road next to tall grass and trees in the background,3.0,#8d7753,https://fr.pinterest.com/pin/14636767536757674/
"Mon, 01 Sep 2025 01:01:39 +0000",Neoanimeai,247.0,a woman with red makeup and white fur on her head sitting in front of trees,1.0,#4a404a,https://fr.pinterest.com/pin/30258628745223675/
"Fri, 04 Apr 2025 23:23:55 +0000",Animeicons123,65585.0,,5.0,#4c6b64,https://fr.pinterest.com/pin/42221315254124553/
"Sun, 28 Dec 2025 12:21:48 +0000",,,a woman in a black dress with red bows on her head is standing against a white wall,0.0,#e9e5d5,https://fr.pinterest.com/pin/42643527719095521/
"Wed, 11 Feb 2026 00:16:20 +0000",theunchartedlands,1386.0,"a woman with long blonde hair holding a red heart in her hands, surrounded by butterflies",0.0,#784f4b,https://fr.pinterest.com/pin/317785317479698762/
"Fri, 30 Jan 2026 22:57:30 +0000",deepai_org,114.0,an animated image of a man in a top hat and bow tie with one hand on his head,0.0,#784a64,https://fr.pinterest.com/pin/67061481947801494/
"Sun, 04 May 2025 12:40:53 +0000",na_ngn,44.0,an illustrated map of the world with many different locations,3.0,#60c8ca,https://fr.pinterest.com/pin/9288742976759748/
"Tue, 26 Sep 2023 11:04:07 +0000",sh123ahd,12104.0,a young boy with blue eyes standing in front of green leaves and looking at the camera,2.0,#6f8251,https://fr.pinterest.com/pin/347199452536188644/
"Mon, 07 Jul 2025 06:16:16 +0000",iamswarat,20807.0,an old man with glasses and a red shirt,0.0,#7b4035,https://fr.pinterest.com/pin/59039445111218918/
"Sat, 21 Feb 2026 08:05:46 +0000",ItsDone2000,3755.0,a window sill filled with plants next to a potted plant,54.0,#67874d,https://fr.pinterest.com/pin/2462974793337715/
"Thu, 23 May 2024 05:04:10 +0000",appel91awc,16169.0,an animal with a red cape walking through a forest,13.0,#5a352a,https://fr.pinterest.com/pin/3659243439808576/
"Tue, 08 Apr 2025 12:21:08 +0000",infosiyaramseoservices,0.0,"three men sitting next to each other in front of a white background with the caption'now not just gibbi create watercolor, pixel art and many more art styles with chat",0.0,#fafafa,https://fr.pinterest.com/pin/1020346859340814802/
"Fri, 06 Feb 2026 05:03:22 +0000",lamphuong361,13584.0,three ducks swimming in the water near a waterfall,1.0,#80a76f,https://fr.pinterest.com/pin/6122149488784329/
"Sun, 20 Oct 2024 08:26:34 +0000",,,a woman in a green hat is sitting in the grass with an umbrella over her head,54.0,#1b3826,https://fr.pinterest.com/pin/7740630604900553/
"Sat, 06 Dec 2025 07:55:36 +0000",teteupsd,0.0,a white cat sitting in front of two red lanterns hanging from trees and bushes at night,3.0,#255245,https://fr.pinterest.com/pin/46373071158731669/
"Mon, 26 Jan 2026 20:38:31 +0000",Jisu_Potos_Burger,4085.0,a man driving a car down a street,2.0,#506f66,https://fr.pinterest.com/pin/130815564174798680/
"Fri, 13 Feb 2026 14:15:54 +0000",rianidaniati123,307.0,a woman walking down a street in front of a mountain with cherry blossoms on it,0.0,#0b7394,https://fr.pinterest.com/pin/981432943811821165/
"Tue, 03 Feb 2026 02:47:59 +0000",madzone355,724.0,an image of a castle in the sky,1.0,#4d6f59,https://fr.pinterest.com/pin/12244230231525521/
"Mon, 13 Oct 2025 19:55:21 +0000",rifa3_al3iz,1599.0,a painting of a blue house surrounded by flowers,2.0,#46605e,https://fr.pinterest.com/pin/2462974792935417/
"Sat, 15 Nov 2025 20:33:37 +0000",tatanasalnikova152,12526.0,,20.0,#2b4142,https://fr.pinterest.com/pin/211174978847564/
"Tue, 16 Dec 2025 04:21:51 +0000",naa_na_nanana,9.0,a person sitting at a table with a cup in their hand,0.0,#aa9267,https://fr.pinterest.com/pin/473300242110383807/
"Sun, 31 Aug 2025 00:45:11 +0000",eyecandyvisions,79.0,,2.0,#303728,https://fr.pinterest.com/pin/27654985207774356/
"Mon, 22 Sep 2025 00:38:09 +0000",,,a woman sitting on top of a pile of flowers next to a brown handbag,10.0,#d1bb90,https://fr.pinterest.com/pin/914862421479141/
"Wed, 04 Jun 2025 07:26:03 +0000",videowebai,21.0,,0.0,#777f5e,https://fr.pinterest.com/pin/1119848263612935087/
"Mon, 29 Dec 2025 03:34:11 +0000",seymaiyisenyurek,5.0,an open laptop computer sitting on top of a wooden desk next to a tree filled ocean,26.0,#4d7069,https://fr.pinterest.com/pin/14003448838016262/
"Tue, 18 Nov 2025 10:37:04 +0000",gangipogus,112.0,a man sitting next to a brown dog on top of a cement wall with a blue sky in the background,25.0,#267790,https://fr.pinterest.com/pin/173599760633579082/
"Mon, 23 Feb 2026 16:40:58 +0000",ai_art_insanity,3927.0,a person laying in the grass with flowers,0.0,#50703d,https://fr.pinterest.com/pin/72831718973719352/
"Wed, 19 Jul 2023 22:08:40 +0000",captainjesticles,25472.0,the blonde haired girl is staring at something,0.0,#945460,https://fr.pinterest.com/pin/349873464816158188/
"Wed, 09 Apr 2025 14:13:15 +0000",ilnurgit,4.0,a man sitting on top of a wooden bench next to a lush green field,11.0,#46c45d,https://fr.pinterest.com/pin/42291683995207461/
"Sun, 11 May 2025 20:22:36 +0000",katiibaart_,3133.0,a woman holding a cat in front of her face while standing next to a fence,3.0,#575a51,https://fr.pinterest.com/pin/30962316182694237/
"Tue, 03 Mar 2026 10:03:36 +0000",rianidaniati123,307.0,an image of a mountain with trees and buildings in the foreground that has a river running through it,0.0,#0f6286,https://fr.pinterest.com/pin/887349932844538804/
"Wed, 10 Dec 2025 19:40:01 +0000",Official_anime_artist_,339.0,,9.0,#3c4d34,https://fr.pinterest.com/pin/57491332740730126/
"Fri, 07 Mar 2025 12:54:07 +0000",,,an anime character with long red hair standing next to a brick wall and looking off into the distance,47.0,#6e733c,https://fr.pinterest.com/pin/1337074888982562/
"Sat, 10 Jan 2026 23:48:06 +0000",ghostiiese,8866.0,a woman standing next to a large boar in the middle of a lush green forest,0.0,#574f5f,https://fr.pinterest.com/pin/6403624466296455/
"Tue, 17 Feb 2026 03:29:48 +0000",jilldbjones,5.0,two black cats and one white cat peeking out from behind a tree,36.0,#707c43,https://fr.pinterest.com/pin/26458716563805388/
"Wed, 25 Feb 2026 23:08:39 +0000",saiganeshkar91,24.0,a person standing on top of a building under a blue sky with clouds and sun,0.0,#437393,https://fr.pinterest.com/pin/612419249402688234/
"Sat, 20 Jan 2024 18:27:43 +0000",GoharArt_7,114992.0,a little boy holding a frog in the rain with an umbrella over his head and water lilies surrounding him,1.0,#3c7045,https://fr.pinterest.com/pin/6192518230888260/
"Sat, 24 Jan 2026 23:14:17 +0000",helgarshina,9.0,a painting of a woman in an elaborate outfit,3.0,#8db687,https://fr.pinterest.com/pin/1759287349042327/
"Mon, 20 Oct 2025 10:17:13 +0000",,,a painting of a house on top of a hill with trees and flowers in the foreground,0.0,#779362,https://fr.pinterest.com/pin/42432421485217966/
"Tue, 30 Dec 2025 06:07:38 +0000",manga_hinata,9.0,a digital painting of a man with flowers on his head and sun shining through the lens,1.0,#233c51,https://fr.pinterest.com/pin/470766967321244518/
"Fri, 29 Nov 2024 02:56:32 +0000",asiatanime,159.0,,0.0,#483e35,https://fr.pinterest.com/pin/730638739581818119/
"Sat, 26 Oct 2024 03:34:05 +0000",mikua94,40550.0,an image of a boy in the rain with leaves falling from his head and eyes,8.0,#4c4b34,https://fr.pinterest.com/pin/4011087177660250/
"Thu, 12 Feb 2026 20:44:18 +0000",jewel_ih,337.0,a person sitting in the grass looking at a train,27.0,#cae1ac,https://fr.pinterest.com/pin/472596554671234361/
"Fri, 09 Jan 2026 09:37:50 +0000",ms_may2006,0.0,a painting of an alleyway with steps leading up to buildings and trees on either side,0.0,#4c4823,https://fr.pinterest.com/pin/635077985000264573/
"Sat, 10 Jan 2026 22:08:08 +0000",,,a woman standing in front of a doorway with her hands on her hips and looking off to the side,0.0,#56634d,https://fr.pinterest.com/pin/563018699380837/
"Thu, 15 May 2025 01:59:52 +0000",remziiiya,7845.0,,7.0,#5d7d41,https://fr.pinterest.com/pin/774124930755734/
"Fri, 24 Oct 2025 09:59:18 +0000",nguynphmtrinhtrinh,5887.0,three people standing next to each other in front of a blue sky with clouds behind them,6.0,#827360,https://fr.pinterest.com/pin/7951736838076758/
"Mon, 06 Oct 2025 03:19:46 +0000",purecelebrityfacts,364.0,"a painting of a grassy hill with flowers and trees on it, under a cloudy blue sky",3.0,#457641,https://fr.pinterest.com/pin/21392166974068591/
"Wed, 18 Feb 2026 00:10:14 +0000",kopegiyizsevdanin,0.0,,0.0,#58481d,https://fr.pinterest.com/pin/380624606035317914/
"Fri, 11 Jul 2025 05:33:49 +0000",theunchartedlands,1386.0,a man with a beard and mustache standing in front of a blue sky filled with clouds,0.0,#645f53,https://fr.pinterest.com/pin/59039445111231259/
"Sat, 18 Oct 2025 20:32:00 +0000",nguynphmtrinhtrinh,5887.0,an overhead view of people standing on the side of a road,3.0,#6d674d,https://fr.pinterest.com/pin/34691859627930063/
"Fri, 09 Jan 2026 09:28:09 +0000",ruba_manar2005,2.0,a painting of some houses on a hill with trees growing out of the roof tops,0.0,#7a513c,https://fr.pinterest.com/pin/1001065823441118706/
"Mon, 21 Apr 2025 04:05:13 +0000",iamssule,56.0,a woman walking up some steps in front of a building,0.0,#c19739,https://fr.pinterest.com/pin/619385755037812365/
"Sun, 30 Mar 2025 23:30:39 +0000",,,a woman is walking down the street at night with city lights in the back ground,47.0,#2b353f,https://fr.pinterest.com/pin/16888567443685524/
"Sat, 20 Dec 2025 22:46:53 +0000",NikCola53,1336.0,a woman standing under pink flowers in front of a tree with lots of petals on it,18.0,#cd6a7b,https://fr.pinterest.com/pin/13510867627967836/
"Mon, 15 Dec 2025 23:14:21 +0000",hgvdndgv,176.0,a young woman is standing in the leaves,0.0,#543736,https://fr.pinterest.com/pin/937452478696335463/
"Sun, 14 Dec 2025 10:02:26 +0000",kaitosendai,2415.0,an orange and white cat is looking up at fish in the water with its eyes open,8.0,#357a7b,https://fr.pinterest.com/pin/6122149488643425/
"Mon, 16 Feb 2026 06:20:33 +0000",Ghiblianimation786,4.0,an anime character looking out the window of a train,0.0,#4a503d,https://fr.pinterest.com/pin/1146799492632257311/
"Tue, 03 Mar 2026 16:49:52 +0000",saiganeshkar91,24.0,a train traveling through a lush green forest next to a tall mountain covered in clouds,0.0,#637d9e,https://fr.pinterest.com/pin/359373245288988546/
"Mon, 23 Feb 2026 09:36:18 +0000",itxrana909,9.0,a painting of a woman in a dress holding a purse and looking at the camera,0.0,#8a8659,https://fr.pinterest.com/pin/812688695303093490/
"Tue, 27 May 2025 08:14:25 +0000",Wallpaperno1,320.0,a white swan floating on top of a lake surrounded by mountains and trees with red leaves,8.0,#383e42,https://fr.pinterest.com/pin/1477812374204439/
"Sat, 01 Mar 2025 17:57:11 +0000",vladlena_02_,15472.0,a person standing in the woods with a cat sitting next to him and another animal laying on the ground,7.0,#686950,https://fr.pinterest.com/pin/4503668372906971/
"Fri, 16 May 2025 03:33:01 +0000",sevhoa974,11.0,a digital camera sitting on top of a table next to a cup,20.0,#64847b,https://fr.pinterest.com/pin/19984792092420673/
"Mon, 02 Mar 2026 13:28:18 +0000",Siddhanth586,47.0,"an aerial view of a futuristic city surrounded by trees and clouds, with the sun in the background",0.0,#746d72,https://fr.pinterest.com/pin/703757879317778840/
"Sun, 22 Feb 2026 08:12:56 +0000",pixelskyline_ai,2928.0,"a room with a large window, bookshelf and chair on the floor in front of it",1.0,#637c78,https://fr.pinterest.com/pin/100486635434337478/
"Mon, 09 Feb 2026 01:21:45 +0000",Riffadilah2045,128.0,people are riding on a train with the sun setting in the background and water behind them,0.0,#2a1f16,https://fr.pinterest.com/pin/1098033952915327674/
"Sat, 03 Jan 2026 14:36:04 +0000",Official_anime_artist_,339.0,an image of a store that is lit up at night with lights in the windows,0.0,#543c2c,https://fr.pinterest.com/pin/15903404930595077/
"Mon, 19 May 2025 15:57:20 +0000",nanai0060,185.0,an illustration of a woman with headphones on holding a purse in front of her face,110.0,#e0bc9b,https://fr.pinterest.com/pin/1055599908336887/
"Sat, 25 Oct 2025 08:24:57 +0000",animeechoes06,17.0,a woman standing in front of a full moon,0.0,#698186,https://fr.pinterest.com/pin/915356693027614857/
"Mon, 15 Dec 2025 00:41:17 +0000",nanai0060,185.0,a woman sitting on top of a bag wearing headphones and holding a handbag,0.0,#e3c699,https://fr.pinterest.com/pin/7318418141667781/
"Wed, 10 Sep 2025 11:57:14 +0000",Shahaliyevaleila,8.0,a painting of a yellow car parked in front of a blue house on a rainy day,82.0,#32493c,https://fr.pinterest.com/pin/7248049396147191/
"Mon, 02 Mar 2026 05:23:16 +0000",YuShin__,21.0,an orange trolley car traveling down a street next to tall white buildings and blue doors,0.0,#8d948d,https://fr.pinterest.com/pin/894738650990122208/
"Sun, 01 Mar 2026 19:42:53 +0000",desinerpakvideo,210.0,a drawing of a person with red hair and an orange hat standing in front of a gray background,0.0,#a0968c,https://fr.pinterest.com/pin/4151824653091238/
"Sat, 15 Nov 2025 04:22:52 +0000",GrimmwoodCreative,254.0,"a woman with a cat on her back and a broom in her hand, flying through the air",2.0,#a68a5f,https://fr.pinterest.com/pin/4151824652776563/
"Fri, 09 Jan 2026 09:47:01 +0000",nawarcf,0.0,a painting of an old village with stairs leading up to the building on the hill,0.0,#854838,https://fr.pinterest.com/pin/817121926211094115/
"Wed, 21 Jan 2026 04:33:57 +0000",prernaverse,4916.0,a room with green walls and potted plants on the wall next to a table,197.0,#2f4436,https://fr.pinterest.com/pin/5629568280112226/
"Sat, 14 Jun 2025 22:28:04 +0000",colorcinch,5.0,the two avatars in this cartoon are smiling and one is looking at the camera,0.0,#c0c1a4,https://fr.pinterest.com/pin/895442338417662624/
"Sun, 04 Jan 2026 23:05:56 +0000",midlibrarydotio,1267.0,some anime characters are standing in the water,0.0,#577c75,https://fr.pinterest.com/pin/542824561357632152/
"Fri, 05 Dec 2025 15:38:25 +0000",,,a kitchen with an open door leading to the ocean and plants in pots on the counter,4.0,#7b9087,https://fr.pinterest.com/pin/29132728835219279/
"Thu, 05 Feb 2026 14:50:55 +0000",,,an aerial view of a house in the woods with plants growing on it's roof,0.0,#46572f,https://fr.pinterest.com/pin/1688918607035321/
"Sun, 27 Jul 2025 01:51:23 +0000",nanai0060,185.0,a woman wearing a red helmet and holding a baseball bat on top of a magazine cover,9.0,#ca7550,https://fr.pinterest.com/pin/6122149488251522/
"Tue, 24 Jun 2025 12:19:29 +0000",softframeai,306.0,an anime character sitting on the ground pointing at something with his finger in front of him,3.0,#817a4b,https://fr.pinterest.com/pin/74590937573241767/
"Tue, 16 Dec 2025 08:17:25 +0000",Official_anime_artist_,339.0,,2.0,#305d37,https://fr.pinterest.com/pin/105975397478769873/
"Mon, 26 May 2025 01:46:51 +0000",familiasantosduartgmailcom,18.0,,0.0,#8e6e28,https://fr.pinterest.com/pin/947796684084233127/
"Sun, 16 Nov 2025 20:49:17 +0000",pixelskyline_ai,2928.0,,0.0,#545237,https://fr.pinterest.com/pin/326440673014297050/
"Wed, 26 Feb 2025 09:08:04 +0000",remziiiya,7845.0,,4.0,#486137,https://fr.pinterest.com/pin/10836855346494292/
"Fri, 26 Dec 2025 19:29:31 +0000",francopedroso,2135.0,the stairs lead up to an old white building with green trees on either side and below them,0.0,#5b7830,https://fr.pinterest.com/pin/3799980931086848/
"Mon, 10 Nov 2025 12:36:10 +0000",,,,1.0,#a4a269,https://fr.pinterest.com/pin/591941944819646622/
"Sun, 01 Mar 2026 19:29:06 +0000",nishitbaria,531.0,,1.0,#544941,https://fr.pinterest.com/pin/458522805838662597/
